아비노 바디로션 스트레스 릴리프 모음전,"21,900원",https://adcr.naver.com/adcr?x=OuG1ndSlAY3mOgRNMVXgVv///w==k7OL5bI7tc9ijCzyWnJO3kmJ7cQX4cTClW3fUUUTW6sgNr1xrO8nh13m7SlRMMCDWAtaBxLD9r5tStBNIOOHa2R83OTdGO4RuyxV0B138AHAAM3o5UzlY/U0M2nOosA2gMjGO10w+uzKjRTWc452KDHgBNp7+FLYQDA9vtjRgjp4QTUKPTLSXDGIysbIbrJjQ1/fIiblV1ftRTLOJ2jOcN7R0/Oww+SzXb5zDuhCrjoAaWUTklK2n5TOiFaaR8L/kH2Pf53Hds3RsuvlK+0ggPGHXJxwA/rmNfyY8s1+fSyw8qTzR6T6oRMgFTWAcoc/avXVYgzmh40PtRY2ixUZasR6DcOjqpVuDOb1h3KbceWnZOjsTMy2NBDCQxawHGUjpSEiF2pmNRsMhd2axlpBlP2U3MBdgIM31gBpOPABP7xLcTcF6SmWa0oKaKI2+ZlLN7bwWnfClt25x2f8dEtwYhXaF6JfnNUllvCkDPD7R3aMu/LHW6hONcNBzWpPKU5uDz4dOoWAth0v/g2Nf0gHWlv8qAL02AkNh66M4KMpAp0WFQqlAzgWpYRjnenV0WHpbOqaAPyPZvLnfUhxyFDoYL8M0ghRk6ZaZ670Y4Ul6VzFJ7Z0Vjy3Vlp3/qmkQ6CeuEIAyQrPiQVHUvRjB0/blGK1D+2JZ+3AL39qbWr0JV5ODID3ekFAUj8FVP8IzC5/pTL2ZU8H3nACzOPLA6nRICt5F6+nC2TX6OYXPpwkNTXbihQ7cLABBHeR+VUchcX2C2iVR6lALmCCb0UOH0NypkO59itJUDOAVKeFHJKOfu1E=
세타필 모이스춰라이징 대용량 저자극 고보습 로션 473ml 2개+수딩젤본품 226g,"25,800원",https://adcr.naver.com/adcr?x=9+oDrTCknO+vgHalLfyBuP///w==kQ8Kg6Qxjo8p7Fy7DQYy29vUJm4pm+0hsrPp3+EqDGMVUau7jSDsH+HytWAP4toCu5OwjKFzbPnVnwjvTuzlp3itAUy25BlsXWwnEYuX4/vJRChjhoEK6+jafUG19o36Tu/QidOUcgU8wE6wujd3UcCEAaEfelu6+4l97TXxfU1r0QRLhohuqSerXZXkLomv2g3CEEm+K5xTRRkKbk/pUTAii8jX+ZmCtmEYgD904PzTBnkqnMyKDOSVS0cgNCEhpoBA/t+sSsJMFTx+9qkB4Asgp7Pu6DTQjTCJ1JjffRIdpMY324TTr+UNIwfaIgB1QCcyGB6TL6pBDZ8M90J5tLFvZqao83cOxM+upHy9Q0Sb4lNXrhj6vcQuIFdQciVWPj4NR8XFH7wKXX0jUs6jWyFPbGaTE8HB30FICbRnI9qUL0d9hvN3DY0YCHKYN635V6l0tOnWBI3Im0UxsPI2Fy/V7g08fl8fNowuRZDlvZARYmf4jWkvkEu3ZfUY5JeytfHx5YQgZQgPWGNUxde4axBUNUCt71QPzsPfpd1Ei7doEXOLio+IA4UhMirZfCxHoZ2hGNAzDDGdg7sACmt08ED/YvXX9adX1e9jfp5X+geyyca/48RBowQLj05BMr7gUnX/EAj4pI6L6GFqzOBV0osghfT5os+30sEjEGLMMxh7TtE+afLejyU3ycndTFuudAnaZ3iNnMbO1V6E6+2RScaW2Zw3GSySNy9O36avv/ZZSpzZukjP6PtqWtSODmE35bANVv1njcQ0Ch3VcT7O178MXCI8ksRAxR/Z3WgalwYuw5kfrdCZdm0TJcRTblCmA6Ksjc42JMN7PYMQt7kZEM+FrAmMKg7toI9Q7O3FU2jvoqjFkdo4BIPTt3A40obC/IT3uQLxZfScflAk0YX7oog==
플로레비다 더 로즈 가드너 바디로션 290ml 비건화장품,"23,000원",https://adcr.naver.com/adcr?x=F5OR6+zsJ5MHE+kem/8K0P///w==kAzbMl+C8RDrwnn1LTMEynhT8mk9tZK+Fs7WuTRWYJP/p+nqY4MCVEIM94YD4iZmfjY5vjbWymvzQEuEGsNdKc61DOndr77YAYsjg/duMZgwHJIvbX4COxTFBolfsEX1mbwU21uY2K4Y89pPLzl1PJK+QvKmPPG5xXbiuScsVoT/ihoy9cUbtcg725KPadpsmImqeFV4J6HCsP901KR6EFhcr2GAXvzxCsuNV7QOChmlmbRpbfdKzv9W+Pni55y7hzFRLfiUIlxEOk5M0q3xV4PNZSB9hSkHdjVzFCe+viHUS8pHZe+ARU8aBHq7zLqoQ6cZnoymd/RNpz3JdUvGCJgOoXp7DfYurK1CIzdo8ZaLQALvjclkEucMVuQjnEEYharOEuOdrQfo3kFrboMscxXBvlPF6lCvB2KkKKhbDVvKSZMpRsC10/u0Q+pG7jI3bIGjFf3m5uSZnSb/VGtEW/OXNu6WtTm9T9LzeNUs5y0UTTd7/IqUdo89UkOa/o0EUx/QaAyyuHR2yUHCfS8CGLK/F1ZPsmU6txlCqlyb9B3Rr96IfnnM/UbXibe6D17ViY3l9wpHW8MTm5Rg6dfGUrCLbjAE7JPnko0KaS9re+nhIHzQjSrvkhdm76H5dOgM4ulVjdcwLNkivyle8CbrZ9WkFKfuyPpeeu60G51VkV+FkgeSJ4CjBI815QMuwm+tFlb9mflFJtvZt0y8QgjlIP0liJ+ZFQnwxA4P7m7mFfZxi1YK4MjhaUJombI4Stp2C6JBiNjI5UrNd5W8a1R+p7xBA+p70bC7EQzlecxmAc1jMY+AuJESi1QYk4kmNmiNLurrS1aPCRc0xbztRs3l5KpwaxKnFdyDmB6VzSeCn3l98cNbDqdhG6cjjzbQcZN7HMYwc4DGg9ZIb81g1w6BXhIkgjyJ0IKbydPurt3/1NAo=
1+1 살림백서 오푼티아 밤부 바디로션 500ml 향기좋은 퍼퓸 보습 대용량 천연 유래,"14,900원",https://cr.shopping.naver.com/adcr.nhn?x=xMdhCstmnjp4ohNh1PKeAP%2F%2F%2Fw%3D%3DsbMEkcwdkw1zluWwQAB30WWBagwcLWxtUkhopmcML6FpXBlVjW8LK3ZqiAkRqD1ihLP9J1%2B8UnhEJfdCpH2DDZ5q8uFpCGSBEGbF8Y9Pow1N9sQkvN65%2BgRbFZC2OuoMgARyoQGf9icwfUd0LWkbMMruVw3GdaDAvxDSjC3cnt2Z%2F22ms%2BW8TiQQNz%2FOHMMFF%2Br7eKJJ0Eoj749Pg2xWP6TrgOCdYXp7M35XRLNcTVltVXemfpmeX70wC2wQT5nyi5pxiwDZPU40LYzhHX%2FcRv5e47GZw7IU3Kc%2BsyoU154QJMXfjp19bBdchiP578FAaADgvzGc0Jh4XEC%2FcI7DrGi0gdQHrKwujeilPum7LplCyNQFuXSFSED0J8OqwtRW3aRaJDRwk55r8oye4YSeGleFd8sstQQ%2Bv7jFHW%2ByUpJ8nZlPNl%2F54XDA51qS9zeVg1mCekUnDOk5AmvqY9uRS1TZltUy37B%2Fmva5I9z8chPAR2q4bKp07zSCX%2BYNep73JQxL%2B2tHvCtmcgFz%2BJh%2BJbtChixXIWCBvdpqNWrZ2r5SihPnHWFYmH5Ylo4McOd65MCL4HjFrlZpwzSwoFRLrAw7cpKPISk0F0A5XPxw6pLHVShvEV4B34DOput2x0oORCMvsASlaTTHBxH8dCkrDJwau4fTwOUqyF63FjwpQRls%3D&nvMid=83131245129&catId=50000408
피지오겔 데일리 모이스쳐 테라피 바디 로션 400ml,"20,890원",https://cr.shopping.naver.com/adcr.nhn?x=puaNYt1GEUnwZ6BOLqXdwP%2F%2F%2Fw%3D%3DsfOUs8IjrMHLGK18Is7rJhMu4C2Y0wwrWbOGWyxrBD3XubNCDkAAaGaQmidHne1R6eoANAk9uChiwzOCPxht6zfoEcR2Sv2RjLx9pAenk1tm03RMBOPU4X%2FDA1Ft4h2lbTV%2FvqkSNypYq6ywe0kEbKsi30QtKP1mA7BYZPpxeJLexWvZfe2todmJfmpbNrXnqrorA9K2aKTr%2BNPFikTvM%2FHsuUc01%2Fkm41kKCSj%2Bk6XqMWX5%2B6vMQvPFQumh7H0E2%2Bw0mr5siPBmRdE5U0jiHaJEp%2FRu%2FwsU0%2BFmRemXLvgI%2Fa18qhDQ1A%2FKJp3fgBDor391W%2FC1w5SVs2sYtTdFSepLPOKq8imMBbCtGk08Fl11qLzcRVswO%2FNXTrA15l4GNozm2CEhT%2BQqt4KtW5Xt4waFpp6EM9CrfPiyVlJzG66WcPfwzF9ktWcxdrcTtO8KUsIjO8M8JJajiM2J%2Fmc5XuFI0h1lCg3ZSg%2FCpxuM3ikAv6cSMGC1J1EpzFAv8ESWSQL9xiywu0c4o1w5%2FjVxF7uj7umTMQOVndlEELGt%2BbQ1m%2BTZgHcomuFyKRneY4LzSFLKoqvmkXYdfWcxRgWxXPBzjTcXwoVM8lrhL6igy83Jjnf16Caih7unz02PY1iH3b1NmOoRBMBsXNQGXzjfbC%2BFUQB%2FrDAzm2q1KHRsHkfE%3D&nvMid=19559355562&catId=50000408
닥터바이오 에코 모이스처 로션 480ml,"14,990원",https://cr.shopping.naver.com/adcr.nhn?x=LfY0BJ8rXLrfsYy2inN63%2F%2F%2F%2Fw%3D%3DsREOPM5TNdWJUk8uSIri9pna7Q4QrmgeOVVPNVIKQic3ubNCDkAAaGaQmidHne1R6rIkRKXWk8b3migfTBuIb8foEcR2Sv2RjLx9pAenk1tm03RMBOPU4X%2FDA1Ft4h2lbTV%2FvqkSNypYq6ywe0kEbKsi30QtKP1mA7BYZPpxeJLexWvZfe2todmJfmpbNrXnqPn%2BKv%2B6y0%2Fl2dpi7Okb42HsuUc01%2Fkm41kKCSj%2Bk6XqMWX5%2B6vMQvPFQumh7H0E2%2Bw0mr5siPBmRdE5U0jiHaJEp%2FRu%2FwsU0%2BFmRemXLvgI%2Fa18qhDQ1A%2FKJp3fgBDor391W%2FC1w5SVs2sYtTdFSeuKU%2FGDqBQsyvBmB3PcF8r1qLzcRVswO%2FNXTrA15l4GNozm2CEhT%2BQqt4KtW5Xt4wUrHqGv0ru8f66vN5Wp56f%2BcPfwzF9ktWcxdrcTtO8KUWWgJOWBju2opV%2FqFqM8K7a2w7kRurgK1wS2kQh0qSyXZwyGLb%2FDa6Cm7G2i9yLimhhGrZI3jcJzFdKJZvpM03raMATIF0%2FR9sYdaj6vDKMgNauEcRynSn%2F8orOK7nc90ssfxyG0vIJBZDPiYRKzdAXRwTXUf1F8T2Nmg9uLmPcxXc50eBITwugSNPH3Ok09sVpGw61BSdoQRvEGgfFlc5w%3D%3D&nvMid=15651160323&catId=50000408
쿤달 퓨어 바디 로션 화이트 머스크 500ml,"9,890원",https://cr.shopping.naver.com/adcr.nhn?x=LeEGrLd%2BlknKobNN50aeIf%2F%2F%2Fw%3D%3Ds0ythQb4Bd4wKAFBMwsOENCk9Ydck5jmptjZJZI32rRfubNCDkAAaGaQmidHne1R6gjiYmOaPEvaa%2BAcUe4dCu%2FoEcR2Sv2RjLx9pAenk1tm03RMBOPU4X%2FDA1Ft4h2lbTV%2FvqkSNypYq6ywe0kEbKsi30QtKP1mA7BYZPpxeJLexWvZfe2todmJfmpbNrXnqT3pxBxJkWIPp2uMbLipEwnsuUc01%2Fkm41kKCSj%2Bk6XqMWX5%2B6vMQvPFQumh7H0E2%2Bw0mr5siPBmRdE5U0jiHaJEp%2FRu%2FwsU0%2BFmRemXLvgI%2Fa18qhDQ1A%2FKJp3fgBDor391W%2FC1w5SVs2sYtTdFSer8vV6BS6dIISOg80xkqhyJqLzcRVswO%2FNXTrA15l4GNozm2CEhT%2BQqt4KtW5Xt4weGxBuZqj9PBkTZyi8fmyJqcPfwzF9ktWcxdrcTtO8KUSMOTMjzlq1%2BAhWoqvNZBEToSBeZ5%2BdbYodgg3tEOI4v1dm1g5uRZITGmOEvukNiRrywflWrq5jeNW9672UN7gweh3eoUOPNu2QGP1to878aE5sC3wOubKwAVwDvLbu7EEaThcwm2jOjlPe7qD4n46wNgvGI7KA7UuS79X3bfNxC18QLZLZ8cpaLPpXoR7c%2FJzY6of2Xpggjm6A4Z8HgJhg%3D%3D&nvMid=24250776522&catId=50000408
포고니아 히말라야 모링가 큐어 인텐시브 바디밤 500ml,"10,900원",https://cr.shopping.naver.com/adcr.nhn?x=cOpj0sMrPzTlD3EAMeIk4%2F%2F%2F%2Fw%3D%3Ds8V%2F5brHtEVLlAqEW3C3Pa0S4mo9NqAXJaUBk%2FetFYtvubNCDkAAaGaQmidHne1R6%2FQb6AZShpyow06rMORF07foEcR2Sv2RjLx9pAenk1tm03RMBOPU4X%2FDA1Ft4h2lbTV%2FvqkSNypYq6ywe0kEbKsi30QtKP1mA7BYZPpxeJLexWvZfe2todmJfmpbNrXnq84xkBVHQiVtiXdyYX%2FOea3suUc01%2Fkm41kKCSj%2Bk6XqMWX5%2B6vMQvPFQumh7H0E2%2Bw0mr5siPBmRdE5U0jiHaJEp%2FRu%2FwsU0%2BFmRemXLvgI%2Fa18qhDQ1A%2FKJp3fgBDor391W%2FC1w5SVs2sYtTdFSepiPzFWSKncILNNEBxfOS0tqLzcRVswO%2FNXTrA15l4GNozm2CEhT%2BQqt4KtW5Xt4wdfc1StmiEy1eDj4lvQOkJycPfwzF9ktWcxdrcTtO8KUJYa53UqAGzVuy0qRwf3k6f%2BDjED0%2Fadf9jaqL3WlfZMlp4wM9M6%2BmTbeB69BntHXT9zRErpabbxU1xtsniy%2Fg6OuInwfQ1XmfH35WvRpRXYnrc%2BOkvMG8vsM1He8Wd0rH1GQzZ2BTs2SjAsywp1UEfoLRdeTzJJo5DQ5ovPMjEULxfdxMRERhYJpYho5k3ZASKDCEfsFYU8A0UF6YvOpqoVsN%2FiAcjmtIwlTUFZwg6A%3D&nvMid=25746634523&catId=50000408
일리윤 세라마이드 아토 로션 528ml,"13,440원",https://cr.shopping.naver.com/adcr.nhn?x=cSwDcP1vSp6wc09K%2B2F1lv%2F%2F%2Fw%3D%3DsRjXyXJwdveX%2FNiqETTGFlsWAhXtcgvIV%2BoGV410euB1XBlVjW8LK3ZqiAkRqD1ih8M6N76T5IEpt3nxiz2uEn5q8uFpCGSBEGbF8Y9Pow1N9sQkvN65%2BgRbFZC2OuoMgARyoQGf9icwfUd0LWkbMMkPg%2F6PYJW9LpCSumzPJoiiI9aZyW4hhCgmcrsQhWGWGj%2F%2Fh6q4WoBI6uxolLy%2FgHswVeWlH2jvSgiI21R0Ky8yQpglPwzpcIbao4Y1sbkgXZJ8G5dRY56D7%2F%2Bh0vdXSw2Yn%2BFxkYZ3XC8gWmATTyptr6kdrp7BvT8OlwZ7P37YyZp%2FuhVWf5tMOyu5R2EADu8ajrrtJFfbTbPp549Dlsv06JIeyjRJJG8AQSjlBThBKL%2FROwMCNFYnyA%2B1T7jHAM9PvtJSTwdK8DTpYkbgDEfIiNvEAyH7XT6ObGe95mRdUcHlw0I7xiTZ%2FPlJQeWf2rdamJO5mV5%2BGeNz%2FFAQW2cGqwgI8bowzkNN%2FdKHpKNeSdJSlEhs6kLDE08Qs1LOKHrxfT9HgEJjzkQTVhKwoyg8NauEcRynSn%2F8orOK7nc90rvvAJcAhGKJyv7P9gybrL5zvN%2FQ7%2FQ%2FRLmExsIvAIN1Xc50eBITwugSNPH3Ok09sVpGw61BSdoQRvEGgfFlc5w%3D%3D&nvMid=15334437818&catId=50000408
멜라루카 리뉴 인텐시브 스킨 로션 591ml,"41,800원",https://cr.shopping.naver.com/adcr.nhn?x=ipwLhlIQ324pKfYeqpnW1P%2F%2F%2Fw%3D%3DsiWzHpwr0sO9kz3Y4Er2EQFPd%2FcwQvMlSiahwnI4%2BuyRXBlVjW8LK3ZqiAkRqD1ihawI9CHFZJtz%2BxX5zHYaez7RPfiEq4L488YT%2F0rsMmmZ2VoSwlhYHETERV786i6EreRmTwHnl5tCIlPjvEoFMdN9%2BKy%2Fm0d%2BgYWHtEf61Jo5CNclKwvLyA%2Fys%2F%2FHPPajLSv%2FFeQZo4qlsHxKfCSEaCcwVeWlH2jvSgiI21R0Ky8yQpglPwzpcIbao4Y1sbkgXZJ8G5dRY56D7%2F%2Bh0vdXSw2Yn%2BFxkYZ3XC8gWmATTyptr6kdrp7BvT8OlwZ7P37YyZp%2FuhVWf5tMOyu5R2EADu4Uoq3Ezl6Jk%2F8%2B8AfGh6MvUQvs8GHq%2Bj7OvUNvyviyx6mHQJ0o1OwtU5JzbUyVLF6OWXO94O59AIEqBvBOx4wAiNvEAyH7XT6ObGe95mRdUBv1XOdNK1lmpUqI83A8a0lWsUtnSauYeWnf4RuvlbFKvsEKNnNfXgFK1kMhWAWXW6Pu6ZMxA5Wd2UQQsa35tDUoCpRpcZzJnFknQAG0TN3zvW2q1ZBpuV%2F%2FvtKUgTGHndoQ5wu7xe2BI2GqhysjL9JwPjtj3gJi8n9%2BAr17QlOtvU2Y6hEEwGxc1AZfON9sL4VRAH%2BsMDObarUodGweR8Q%3D%3D&nvMid=5438376318&catId=50000408
제이숲 딥그린제이 아로마 바디로션 일랑일랑 1000ml,"15,720원",https://cr.shopping.naver.com/adcr.nhn?x=zdGe3fuIZ1rlJLLu4a1v%2B%2F%2F%2F%2Fw%3D%3Ds7nOYdzGhNtAnrRHmiIap0PUXJCsyR3z0OuZ0SusaKKZ4Xkghi9pOuSLUzACBMFoWurPDBnjmMgoEiFQ9HEI86F6GVdPCBQc85AxkloIXQb%2BC2vZP%2BCa9VkdymTnvSsf%2BiPAywrY6q1bptDZ6ZoZ%2Fg4BsJjzV%2F3vl5Lmd9HbkUGLxTUSBm1OJGWlaV0jiLrlY36u9we3cmqfrG6WeXm8t%2F1K9TvfaQNiVwVSiK74A1%2F55rxD%2B%2BXDNTGh3L%2BMzIJxsSc62rc8PE7Leha7MOQ44mKuKWQN4b7WstTXVRp4V%2Fd2Kx7G3krbJiQXzryuwwOqJzW8fyu6B%2FGNKXy2efuYY8QVWhUWDXNmZD5MHoIYFKkz1%2Bo%2FwuY%2FN6XyLX5mwgZglUSUDe%2BuiwqqJC2ABHU%2FzGnw644bL9NA6sPWs92IrdCDGzMRdIVTP7g9HyGTg%2BMBf4KOmZQqfkj21TL2kpZ2r8wZXbUcQjge%2FzDEbz7t5u8dIujW7R1wpLkz5x%2BWiedzWmxj9ewufI2JYwD3z6KxOQRxqsOWZT6nkjUGA3ZhjbqZjNf6527QENGnzOc%2BQ%2FmMrramjBwCZI9AwCV4mCTWQma8vpFrRSUfHvSswZ6E7iJka5vAbzJ6cG0ELZeLhHn4tV3OdHgSE8LoEjTx9zpNPbFaRsOtQUnaEEbxBoHxZXOc%3D&nvMid=29633471618&catId=50000408
세타필 모이스춰라이징 로션 591ml,"10,870원",https://cr.shopping.naver.com/adcr.nhn?x=uXtwN1C1yYAcSZOxNj22kf%2F%2F%2Fw%3D%3DsGO6tHjIB5Bi%2FwnFwQVPTPYoE0ALV6WTeGmLOIZJQJB4BqyA1XQLv%2FVI7fPsRrdXMjb3yQugvGEgRs7SKtCq1vkQNaMnrxiGQmn0S7HU8%2BX9wW6AJ6DC%2BLCu2DOXL6DN%2FolhJyWy8XtNxqcH4yj6aRkgAn8lD2%2BxrgblrBqYwPdWug%2B9sjA7rHdeMLkY%2BwIMUdjnPo1CjheO3cCyV7rQ9VXDgmVi9JXdDxHg7Cme%2BXZHJv0LptY5KBNH6XHC%2BO%2FyYCQ7b56Bu26riuY8BKq%2B3zSKGV5RICS06siaxLHYFaeCAbCY81f975eS5nfR25FBiP83WAv8GAIoQ0MwLPWeb%2FQVg4OzADZ9SK%2BKoWUyLD7whIW%2Fufm4Ai1g%2Bbn5o8FWgADgvzGc0Jh4XEC%2FcI7DrGlNm%2B0OHC7QGMD5BdtQWHCWgIX25kXOk%2FUPdTKqFSCOqiyvxwnHZR4moD8oq3A16xBU1rNfQBQRi0gSkR196pug0F47M9I0WMKXVdU2Mphog9ZrldkIJoxoQbSAHp5o%2BMV7Xc1ryJbYLDfhF8SJYoO8fAxr0NRdk5uTx45QVtkKHa8sniWpNpamEJNe0IQ1DgF4F6xohWx6ISid9AboqXuC%2F76XL%2F8SpR8NM1AKqxuMiBq7h9PA5SrIXrcWPClBGWw%3D%3D&nvMid=28417039554&catId=50000408
티블레스 영국 로열티 비건 바디로션 온가족용 보습제 천연 올리브영 향기좋은 약산성바디로션,"24,000원",https://cr.shopping.naver.com/adcr.nhn?x=%2F6KzTZhqaWw5YFQbjQ1R7P%2F%2F%2Fw%3D%3DsNdXgWkYiI3H0calrrsl64fBEpg7Lxw%2BuC%2BOCtK7tQ7wBqyA1XQLv%2FVI7fPsRrdXM1ruvalv3%2FNfpxzJnefgY1VEWjLgJU5SXRry6ZpusLm1wW6AJ6DC%2BLCu2DOXL6DN%2FolhJyWy8XtNxqcH4yj6aRoZYgwI2fs40XR%2FERq%2FGNyfWK4fiV391hyKbNzjTTmNId1kRnh9KfhjbUT%2BJCPR%2FDQMCOimrXNjPkEayz5c31O%2Fffisv5tHfoGFh7RH%2BtSaOAFJNLWxG%2Fj2gEfGb7GroePiNC%2FhsPyaVcmvxb6RmSEB%2FwiWPecThOEWO5t%2FQzZgsf5S5ycDGuwbfEdv1A6kKwvN8SSMf0759IWixeVW7mI%2FNYPoKdW%2B2xw7b627RvsxdyEGnEUT2mZMbFPikcuSjUOtBOPv3Ul4qt08Vylq2FdOLisTTrNO%2BXduDC2K2Qlcb274K6HGPmGjBCvAfRbVeHMmwzYmQTw5QoAXNEMkhYukM5sWPAOxq3mIEKzVS74era3cDJqNHjT1GNlEjhJ2Xsfyy%2B12N089ogbk%2B13cl%2Fnu76MyhC6L7iAtIZz5HNUaWHjLGF3PupGcX%2FH79ybPGHg6n%2BTJXVq1XKUdFm3xShKRBYScmZRaBdVZ5euNd4jDlYRhhcyETJ32Grz8CXU39fUuJCGjOdTgygrjqUcqw%2FxMDfkLIyuldBS3f8m8e6nLmzUhNzs2VE%2B%2Bisqs3JAEppg%3D%3D&nvMid=83379358197&catId=50000408
더마비 데일리 모이스처 바디 로션 400ml,"7,170원",https://cr.shopping.naver.com/adcr.nhn?x=nFV%2BpOjFQtQ4Sufs%2BR5SNf%2F%2F%2Fw%3D%3DsEfpSLY4N7jhfDQZ15yWJAEgYkhZCyJLhKEhL5dD9h%2BZ4Xkghi9pOuSLUzACBMFoW6fT66EUKqlXgimWNqwNO%2FjdJayQxeZy%2Bjv6pWbYXuYvwapYGapSHoFg9GPNcGD9PzyHieNWONaIGQYdCYZYXPlVd6Z%2BmZ5fvTALbBBPmfKIeq%2Fxb4l6qTnpP5sQlO3LwM9rS1bd5WfszXBPIlSEWFFK9TvfaQNiVwVSiK74A1%2F55rxD%2B%2BXDNTGh3L%2BMzIJxsSc62rc8PE7Leha7MOQ44mKuKWQN4b7WstTXVRp4V%2Fd2Kx7G3krbJiQXzryuwwOqJZpHS21TADNvLEqDkuk3TYCDxdD74JOT%2FqfuqioI%2BhplcNZN5FF46Jqg7fDWNj5Ca4t9cdIWeBoWB%2Bit5nLufffjQwdB816eucjZ0l6j8T%2FYgTCWBmig2dQCRRsJx4IdyRaxHc4KvOrRCjlVufGEI31mOBlnykmwoSCyrGxaVZ9cIREzfwpDPIk6MNcUtbI9SDwqSC08o8CR3H30biaf1MdlXPYdUl8pmleDPpiNdb5qIDf9TYDOC4LzgCehLsur53ohh4qNGvRTXdKhB0Kow4ft%2Fe7oYGLAYqLevmTfpeYvke%2FVP%2BgM94BPZkP5YJ%2Bex&nvMid=7625590642&catId=50000408
김정문알로에 큐어 알로에 수딩젤 150ml,"5,510원",https://cr.shopping.naver.com/adcr.nhn?x=Whh3KTD5Gzw9rC3X%2BnOthf%2F%2F%2Fw%3D%3Ds4YUpiYuMN8aq%2B1a2wiwxmxoq771N3UhGS0BjuGcdKW%2FubNCDkAAaGaQmidHne1R6K9mq6lXYFFaEwO%2FxuBcHFfoEcR2Sv2RjLx9pAenk1tm03RMBOPU4X%2FDA1Ft4h2lbTV%2FvqkSNypYq6ywe0kEbKsi30QtKP1mA7BYZPpxeJLexWvZfe2todmJfmpbNrXnqS3KI9pQY67E0eLx6zTYPy3suUc01%2Fkm41kKCSj%2Bk6XqMWX5%2B6vMQvPFQumh7H0E2%2Bw0mr5siPBmRdE5U0jiHaJEp%2FRu%2FwsU0%2BFmRemXLvgI%2Fa18qhDQ1A%2FKJp3fgBDor391W%2FC1w5SVs2sYtTdFSenK0h5x41CYcuAKi1Ej0ICRqLzcRVswO%2FNXTrA15l4GNozm2CEhT%2BQqt4KtW5Xt4weMbeWpbPya4D%2BBaEcepqJucPfwzF9ktWcxdrcTtO8KUxQpx%2FBroVZ%2Bd%2FjQLKV3M3C%2Bayb4AfiufzwujRrFoE97IuLRYI4bf%2BHdIblyCdxg6AolF3Yrhc357zVHFZkXoCeJBdztOl87ZI%2BCp7b%2FP3e6IDf9TYDOC4LzgCehLsur5D5e%2BgKoweX910z3aX4X9zL8Exrw6eatiFPm7USgLUY9Xc50eBITwugSNPH3Ok09sVpGw61BSdoQRvEGgfFlc5w%3D%3D&nvMid=19897779622&catId=50000408
일리윤 세라마이드 아토 로션 350ml,"8,840원",https://cr.shopping.naver.com/adcr.nhn?x=LCccVTSWKppI89d9PH8ktP%2F%2F%2Fw%3D%3DsDvYcL1m4t50uwsUgVgJPfYLX5%2F7vUbreTa4T0oaHdigBqyA1XQLv%2FVI7fPsRrdXMbe0TcSbLxRY06cO%2FfL0qaz1hZpmX6HyEqnxUOuUvbH1wW6AJ6DC%2BLCu2DOXL6DN%2FolhJyWy8XtNxqcH4yj6aRkgAn8lD2%2BxrgblrBqYwPdWug%2B9sjA7rHdeMLkY%2BwIMUZCUw0i0nh6op28dHQ%2BsNZnDgmVi9JXdDxHg7Cme%2BXZHJv0LptY5KBNH6XHC%2BO%2FyYCQ7b56Bu26riuY8BKq%2B3zSKGV5RICS06siaxLHYFaeCAbCY81f975eS5nfR25FBiP83WAv8GAIoQ0MwLPWeb%2FZDBuN%2FMQoPYbsp7BEqUwl8hIW%2Fufm4Ai1g%2Bbn5o8FWgADgvzGc0Jh4XEC%2FcI7DrGiaWhgGXntwCQ4Jglv1k04ugIX25kXOk%2FUPdTKqFSCOqPGmGhNaZZfQqeo5mI%2BdOD2sUP8hZ%2FaJQ2ysvT8tTrSrpJD1SK94f3ENfW9Y55M3ZRxA49mpPgAbW7%2B6q%2FsXAg0UjM20jUcjR3FFNuAWL9rci4BaCjh%2BTJQJOL9ahep4RCdEHD%2FHV8hpTSILi5JBNPS%2F2elmGc%2BNKenAvV%2BOBzt8QKBdwde%2BB7F83UrsPzw60QdAiJdwXirBRdnaxfvrBbw%3D%3D&nvMid=15332942613&catId=50000408
해피바스 정말 촉촉한 바디밀크 450ml(신형),"3,910원",https://cr.shopping.naver.com/adcr.nhn?x=pV8H0So7Ptjeuqh7yzJagv%2F%2F%2Fw%3D%3DsViAFW8J2ivu%2F2OYJ3OV8ksrcSpDtDWcp5Gy2%2FnZnn34BqyA1XQLv%2FVI7fPsRrdXMPBGVGONj%2By5nPnrbKCH4CaEA2CnPZiE%2BzoIKCOpo4U9wW6AJ6DC%2BLCu2DOXL6DN%2FolhJyWy8XtNxqcH4yj6aRkgAn8lD2%2BxrgblrBqYwPdWug%2B9sjA7rHdeMLkY%2BwIMUpMURbvC%2BftafA9c521oWNnDgmVi9JXdDxHg7Cme%2BXZHJv0LptY5KBNH6XHC%2BO%2FyYCQ7b56Bu26riuY8BKq%2B3zSKGV5RICS06siaxLHYFaeCAbCY81f975eS5nfR25FBiP83WAv8GAIoQ0MwLPWeb%2FdqSbpE8T0hQcgoAQKIbxtwhIW%2Fufm4Ai1g%2Bbn5o8FWgADgvzGc0Jh4XEC%2FcI7DrGsQzJp5GidH269tfJN07tkSgIX25kXOk%2FUPdTKqFSCOq9zWydc%2F1L%2BfYGfWEosEjN883y7gMXK8KBfi%2B8oNmhQwmDwqc%2B%2FnsFVGUa9lJStbRkgsGzawasS5ZTyG1aw%2Fd80hKXvR8Mxv0cgEGwCDbamY22AUJSBcXFgGee2njbD0EEaThcwm2jOjlPe7qD4n4664JKhm2tDtt8OHbGuGV%2F8QAvGAXcfWvSVLWWQYvq6uqxyAhEKTy%2B0Zvtn8oYxIR0Q%3D%3D&nvMid=23771369525&catId=50000408
바이오가 모이스쳐 밀크 프로틴 로션 500ml,"21,500원",https://cr.shopping.naver.com/adcr.nhn?x=EBRaXrB7ur6LwM%2FYy1qAt%2F%2F%2F%2Fw%3D%3DsXaSNEU%2B5Tv3hbhD4EtCpRncpe2qhp6D5V%2FDcQgHeJz1XBlVjW8LK3ZqiAkRqD1ihxinUDPEiBO%2FGEoXIYEn6r5q8uFpCGSBEGbF8Y9Pow1N9sQkvN65%2BgRbFZC2OuoMgARyoQGf9icwfUd0LWkbMMkPg%2F6PYJW9LpCSumzPJoiiI9aZyW4hhCgmcrsQhWGWGpLaj%2FCufd0CWACnMd%2FJR%2BswVeWlH2jvSgiI21R0Ky8yQpglPwzpcIbao4Y1sbkgXZJ8G5dRY56D7%2F%2Bh0vdXSw2Yn%2BFxkYZ3XC8gWmATTyptr6kdrp7BvT8OlwZ7P37YyZp%2FuhVWf5tMOyu5R2EADu3sD3bWLrmV0UBDBrantUeQ6JIeyjRJJG8AQSjlBThBKSPDa75vZ8t%2BHBnaO2jRq7oE%2FwPHeumECiNaNcbrZbpIiNvEAyH7XT6ObGe95mRdUH5zxP%2FIhSCbCiuvi8UdllW%2FFOfJrsAgryl7Bold3qA8iMwMpM63niEXDUQPHvVfaXGfKYExq7uG4FGIUYcPNsWYGuIdd2Ohk%2Fy7eBb3CctKQkJEaGjncQHFwin5VoGQEOozrw0F%2BzIU1xj1pfooGGTrD1rrBwHkQhBR%2B%2B7Fu5O1UMKq1XB%2FGV5OToZr%2FEfNDgqgOvq6z5EpEI5N2xav1Mg%3D%3D&nvMid=29520772619&catId=50000408
미르엔 시카 바디로션 500ml,"27,890원",https://cr.shopping.naver.com/adcr.nhn?x=KKaycclcnrG9OWHON2XknP%2F%2F%2Fw%3D%3DsuMcKTzusocwCeGnv2fo%2Fvl%2Bzp9%2Be5NG5ooMZD9pVw2HubNCDkAAaGaQmidHne1R6bZ8jfE5YLZaFHlIS2irn3foEcR2Sv2RjLx9pAenk1tm03RMBOPU4X%2FDA1Ft4h2lbTV%2FvqkSNypYq6ywe0kEbKsi30QtKP1mA7BYZPpxeJLexWvZfe2todmJfmpbNrXnqJSFcHh4kaWK6NK%2Bvwb8T6HsuUc01%2Fkm41kKCSj%2Bk6XqMWX5%2B6vMQvPFQumh7H0E2%2Bw0mr5siPBmRdE5U0jiHaJEp%2FRu%2FwsU0%2BFmRemXLvgI%2Fa18qhDQ1A%2FKJp3fgBDor391W%2FC1w5SVs2sYtTdFSeo%2BgYTOJjbXVtj1Yq0JYIVdqLzcRVswO%2FNXTrA15l4GNozm2CEhT%2BQqt4KtW5Xt4wdoAfZ5Si8N1DnB1At5E7XGcPfwzF9ktWcxdrcTtO8KUnZsOD3LjTZ37jmGmndmGWdlUMFerCGR1MIkeyUDO1gnyNHyBUXwWVD2ki0TxnNzyzgomGf1KwEHjGJVsM1sZlWkSkgzPzJET1Lg080Hv5XW%2FhgaMkJIhbUi8HFdPXAb3r5lNPNuPv1%2BnioyPHI6lQMlyrqMOsikxoO5Orh1MwgGFbDf4gHI5rSMJU1BWcIOg&nvMid=30927309623&catId=50000408
레이비 산양유 바디로션 350ml,"10,790원",https://cr.shopping.naver.com/adcr.nhn?x=OYCYi9cgTQi7rnU0BxBwwv%2F%2F%2Fw%3D%3DsUtfk1Y%2F7Jz60LNSFRCOUVIOxNIaGHirGOJIavrVAynHubNCDkAAaGaQmidHne1R6m3BkKebVwnjQ%2FVqis4CP%2F%2FoEcR2Sv2RjLx9pAenk1tm03RMBOPU4X%2FDA1Ft4h2lbTV%2FvqkSNypYq6ywe0kEbKsi30QtKP1mA7BYZPpxeJLexWvZfe2todmJfmpbNrXnqNsx%2F0rXiePNqbv2zKVxPrnsuUc01%2Fkm41kKCSj%2Bk6XqMWX5%2B6vMQvPFQumh7H0E2%2Bw0mr5siPBmRdE5U0jiHaJEp%2FRu%2FwsU0%2BFmRemXLvgI%2Fa18qhDQ1A%2FKJp3fgBDor391W%2FC1w5SVs2sYtTdFSepTPXTdtCvJhH%2B5IU%2Bfly8VqLzcRVswO%2FNXTrA15l4GNozm2CEhT%2BQqt4KtW5Xt4wW5vQZz7jUbEGAyewV0WqqucPfwzF9ktWcxdrcTtO8KUYCQFvFumOyBz%2BJ4sLvT1FGHsMeuAyaW1gHKuKdOA27zpJD1SK94f3ENfW9Y55M3ZRxA49mpPgAbW7%2B6q%2FsXAg5Hx6qGCk%2BIEC3DS%2B6v1BOYKFnCDVArqWH%2BeWiAFkfiwB6SL7b9uL68jE1vSFRtzcJzF6pciHXzyjNMKSH201NEhTH99gLstBLqtwj11YmQuHRyPBWbUFRhWScTsgQynPg%3D%3D&nvMid=24540812524&catId=50000408
데이랑스 알로에 베라 100 수딩젤 300ml,"1,330원",https://cr.shopping.naver.com/adcr.nhn?x=WkqZIqnlwZYO1QPo6O0Ugf%2F%2F%2Fw%3D%3DsoCCUfCDVkM22MX5twm6AYXc%2BITMTv3H%2BvgM%2FCQlyazPubNCDkAAaGaQmidHne1R615z1%2BTbb%2FmeLOK2CltSBZvoEcR2Sv2RjLx9pAenk1tm03RMBOPU4X%2FDA1Ft4h2lbTV%2FvqkSNypYq6ywe0kEbKsi30QtKP1mA7BYZPpxeJLexWvZfe2todmJfmpbNrXnqkk7YhoviyPOk37%2Btp5PEunsuUc01%2Fkm41kKCSj%2Bk6XqMWX5%2B6vMQvPFQumh7H0E2%2Bw0mr5siPBmRdE5U0jiHaJEp%2FRu%2FwsU0%2BFmRemXLvgI%2Fa18qhDQ1A%2FKJp3fgBDor391W%2FC1w5SVs2sYtTdFSerGE8wZqr4Wp8s8yUPmcxwJqLzcRVswO%2FNXTrA15l4GNozm2CEhT%2BQqt4KtW5Xt4we8nWCdYzkaE4QQxm5pCjLecPfwzF9ktWcxdrcTtO8KUac6prQttFqEEHmWjK6p0AVOXQdqo1fskT3Sls999%2B692YDoDzW%2F8INyLh6mqCleD6Pu6ZMxA5Wd2UQQsa35tDXOlw4M1%2Fc6Pss0J%2FF%2BOvj3vW2q1ZBpuV%2F%2FvtKUgTGHnLPgZS2Cidwe52oAEpJ9mdmtmfx9FU5UKp%2BnzIWjmkctjtEEnHZo%2B%2FVuCJHvsmHjrDVCYCaeglF2rgr1u2OQIzQ%3D%3D&nvMid=19825202095&catId=50000408
비오템 오 비타미네 바디 밀크 400ml,"42,900원",https://cr.shopping.naver.com/adcr.nhn?x=tkLJzBYEHjQJJuZ3gIDJt%2F%2F%2F%2Fw%3D%3DsEhW85GXvgOhjNI5uCw0nhXtIFzwZOq8SlmYxuHLdG0hXBlVjW8LK3ZqiAkRqD1ihG8eyXlMy0HB7l1T6WjoLbJq8uFpCGSBEGbF8Y9Pow1N9sQkvN65%2BgRbFZC2OuoMgARyoQGf9icwfUd0LWkbMMkPg%2F6PYJW9LpCSumzPJoiiI9aZyW4hhCgmcrsQhWGWGKOnbMJGpMxXT9HLYUsGPqMwVeWlH2jvSgiI21R0Ky8yQpglPwzpcIbao4Y1sbkgXZJ8G5dRY56D7%2F%2Bh0vdXSw2Yn%2BFxkYZ3XC8gWmATTyptr6kdrp7BvT8OlwZ7P37YyZp%2FuhVWf5tMOyu5R2EADu1PDEmz2ciZfv4fwSzei2Xc6JIeyjRJJG8AQSjlBThBK%2BcejoYVpvso5dItXIgaAPTFCXHKbYk3nj7ylQz%2BJIUkiNvEAyH7XT6ObGe95mRdU284psU%2FGrN5ecFdWvWplMrT%2BHeRQXn6OP%2BAi5ozqVsDzT2vW4w0XtdzPpRe04oHKYK5IMYmQbYMDamAPAXFbF%2B4lk2672U4gKEiAIe76ERatqaMHAJkj0DAJXiYJNZCZv8YMNNtQ8ahpSRMrToxbcNMaerQorLaiV6vvCvtAZmgDfkLIyuldBS3f8m8e6nLmzUhNzs2VE%2B%2Bisqs3JAEppg%3D%3D&nvMid=13316689534&catId=50000408
에스트라 아토베리어365 바디로션 400ml,"18,960원",https://cr.shopping.naver.com/adcr.nhn?x=Ny9R0s3TheW9Ul2QDDd5gf%2F%2F%2Fw%3D%3DsS2qRi%2FkRCRUquFKGAZsI6z%2BSj4ZcyG16SDA6QdmcIjbubNCDkAAaGaQmidHne1R69HIuIyA9ZGMzVqtARRRvl%2FoEcR2Sv2RjLx9pAenk1tm03RMBOPU4X%2FDA1Ft4h2lbTV%2FvqkSNypYq6ywe0kEbKsi30QtKP1mA7BYZPpxeJLexWvZfe2todmJfmpbNrXnq8HS3NzmpVRSEx55wudVYlHsuUc01%2Fkm41kKCSj%2Bk6XqMWX5%2B6vMQvPFQumh7H0E2%2Bw0mr5siPBmRdE5U0jiHaJEp%2FRu%2FwsU0%2BFmRemXLvgI%2Fa18qhDQ1A%2FKJp3fgBDor391W%2FC1w5SVs2sYtTdFSetBLomIxOQluoGSi36rCC7FqLzcRVswO%2FNXTrA15l4GNozm2CEhT%2BQqt4KtW5Xt4weVudH7wIhtd4MtADpkLL0WcPfwzF9ktWcxdrcTtO8KUF%2BZq6PgLnxOmobHt4uNn7JIL6HwaI99liPJ1qJwnYg0Hx5xTDutP3ezYlHpN3vIn9ZrldkIJoxoQbSAHp5o%2BMZKmHVYGpnJcIKIeuCUbL%2F%2F1k%2F2rwyyBKER4LXC2MVEed2QIbETrDLOUbSBmEJiApsmQp94%2B589Bp%2BbW4tIThKkbGsiu0d6skMyLmdTW0ZuWBq7h9PA5SrIXrcWPClBGWw%3D%3D&nvMid=31566857618&catId=50000408
세타필 모이스춰라이징 대용량 로션591ml 2개+수딩젤본품 226g,"29,400원",https://adcr.naver.com/adcr?x=5IjR54OPfCPqg6xgljRccP///w==k866ii9aSF4FNDbsoIjzoKl/LoGPZV27XfcR//slffh2RHXvk4HLmR6YA/CJWBKV4bRc8nwJQjzSrJaYg3b5+1Xfx06PHNJA4uBTQQdDejufAz4T/GPUe2c6WHglQZPR7Ko2sQ0leJVctaYkGD+4jlO4+ZjmpIJhf/1992Ne6qXf8MlPhbd3LM33vtb8jcgEj00MXBWJyotf4cZT+vEvMUwaUNfnyUSPPiEnMmKvle/tgsDbX55xVz0x1tNgTICVauCzIzCDX/nLioRV1X629uf5JDyoLOrCAXEmddJfvUcHGya9pmd/HdiNWKpvwl4sxQk2neIl7LDCqvy5IJiejDxQeYmonOIEZcFQQrOz5saoAlXnccE2o1vGwEMwzP14f2LQLtJHi530ov+7tGOrezH5rfZfbmqkp92Ws5ro8TAnIMI2Lgz6mI+F/VMUvVlJpR6qIKgiC8rJto6easncQQgorF/RLQ1ct13S1k0pGKcjqZstlaEsDNEgF6bjea0WGJVsBxGCBWW69tpwHcsyDNXWiPUihpx3KVEdJ/GwFq0jwLeIf2LDznjJkjZCgydULYQJ0OpVN3kMRGp9YKXD7jmOvn6foTXDCCoqjWyttgQbAewie45PXwBFTKn2JGGOzLOViJRoKm94TTFy8zNr5rXVKng6Kz4gM4ck675qUXunuqCnnnRDTG+qaSFtNMyOLXUjFIuEK4FQYjshaiuNgMuFXa+GYsLB2dQkDiT33iSRnygNJjo8cBMsQ8bnpUrBGECsYtMsWbXPvjBVbiGBv+us+SHOvcy6AtVuP7YfEpizgks0uCWL0xySfLYoNxKlwZ78vp/qsTvUVquLcv6m0iXqv08GRCTHsMTUr1XxLl5QoJaWBQaAHBvs6n3R/Udl6h0gZXMTYaboPxNwJvqVZLw==
뉴트로지나 무향 대용량 아토피 고보습 바디로션,"31,800원",https://adcr.naver.com/adcr?x=ge5fGIem144mQlnt1rVTIf///w==k1vNoGa8lmD2BVqqmpqAEx+irY5fGO7RO4ja6Cb4pbWoB4UJ3HzhU+QLCBNHUxCnrj8TKpIbL/x3yFOfwXKMbtPKunX6KDwbBIdSL2KDkhtKhc9TCnDX01rkTwfGBSHX5iwEUNXmLaBK52CL9Evf16XKpRtLjcX5fGoSjXwEMTPutYLTVb/mYT8wMM9gZyMmqqvSGiTDGn33XcoBmzeAxdgigCGJ+MGcqEWuZUTgdBNX3c4PFhbmgzjHJyLFzUFCo0dJoVKiQ/wBQ/q/wq31XTwPJzAX1YfCavdyp0zhHkC8ciCKCtLF5OKU47la7J9K9rNWVsKpvXSe1XIxzkYGFxes+5nTtcIHeJNwgt0HP8NXlBbWDrW70oRJTLeGCNHy3po3WJ1dO7rSdK9LwyMIarKr0dhld/8m2N9a64LG1SkDsKKUzxsUOj5uq3pQaLn8aPnUfYLfJPue/skd/Bd3jnrtAg/aN2QufEYRgq2fRUIwaCCgDgpC42sGSPsyYWSOCpCq+tupNks4vMNpSBjc4O9jsYkf2coi8dXY2+1EphBc7Cck59Za0xO0sGM8XK1D7Ry/DV3rDH3G+yEWuvm7CttFYjXnFtT62fJe5gUzdHRVzKHzaa7MqCTuWxzoxSt611z/Ds0QxLV10NP8rZx3T0aI2bxdr6XFXkNCf8ulASra9pF87C7IMwg4z9padHSLb6Phn6icOIC1C8XR+Np0QZ9kxeo37to6W7TyWkYm2JC4E8UMTs6QA2pojDx3hLMPvJ5/DtFpZcD7XWaiv2f6R2bgeDz00DtiYhhdBmqc1dpk=
AI 바디로션 400ml+400ml,"64,800원",https://adcr.naver.com/adcr?x=A6HNkdb91FDvkz9+2pvZBv///w==kCHKx942rKlJphxujPeXttKEEBQp/dYAhROfX6wisWfw3XMrTZYi3Xzqg7OYsg1sp4Ugi1xAu/8t3p2qK9Xh7ni5UqFSJniGML6ponIpbAwuvDk7K827iNXgETmVzhkl8aaYF0sUyE+jM5pzsGAw6bkZl107dKLKdie/4d5Z4/kDg49t3qya7ywOmP65ZGJXPepzHs4HLxCpY2NJDSHU0R80eytVAhMwAxsc9cOJ30FrFk0cELoYuChFP7+oJ+kJdhTtLh7nWYVuEb2IGNi6lQV0Z2n6qzIdBrkVlEpHz+B+aeHe8DxfBO4zgkVB35CF6mNYqG1aWRcH4DZkVWsIIQb6MTw/IrzHXiIIzl3EseXTCRiHK45p/Q9eAHRB59bh/RkyLn98LaezOEME2VFo/srf7yWt9Ej1vGE1t8xuIbhnvzy1YhdViZ4MLKahLfPTkzwXFpy/IPV9P6MMOnLrPxtJI60NArAeXAVBK5/UKpvJrRkY1xsS+GjBJnYlC5KkMqmCOyVRYA5CJFt2YXNA8uynnO6diYLTlivX/agwTJwpLMyt3ovBw6MF5u2K/3b4kOcXBIrlnkdtrtKJgQMs6S/br2zQWOjVLqY5IbdhR+KPfkbNY/mg9wo2iYylM7IbjcfgSfEubYlt+IdkqQgiry16+yKHCs6agI//3n7Br08A1BFBvx1iZMIioIOGydGUHaU8pNDP6ogSQ9yhilJal66GqNoteOITuOVeC98rqcHzeoDsepS+v2xwpTAzAfY87InmLexRaoihTMWGvG6caI0FWsMkEgiKOujXH6AFOJ1BqTARjJMdUm6Go2sKN1q9AjhC0KUmOEjNves+aglaXa1dnoLFGjzm5w0hKbFBOyk7lkkPtWbMBvSe0oot5eaj4
니베아 인텐시브 바디 로션 400ml,"3,650원",https://cr.shopping.naver.com/adcr.nhn?x=DYcqFaUTkRQuhT4PNNlwdP%2F%2F%2Fw%3D%3Ds5WOzFAbnMiCNYmHVZNtpmao6xvchoxHW9xDR99GdJJkBqyA1XQLv%2FVI7fPsRrdXM8cZ%2Ber%2BromkjqM4uHbQdMTIf3ZpUI0cDmSAFTdIapZlwW6AJ6DC%2BLCu2DOXL6DN%2FolhJyWy8XtNxqcH4yj6aRkgAn8lD2%2BxrgblrBqYwPdWug%2B9sjA7rHdeMLkY%2BwIMUd3Graev89BsiUsJVFEoXxHDgmVi9JXdDxHg7Cme%2BXZHJv0LptY5KBNH6XHC%2BO%2FyYCQ7b56Bu26riuY8BKq%2B3zSKGV5RICS06siaxLHYFaeCAbCY81f975eS5nfR25FBiP83WAv8GAIoQ0MwLPWeb%2FcFmxKmLlN6%2F%2FIagKnE6%2FkMhIW%2Fufm4Ai1g%2Bbn5o8FWgADgvzGc0Jh4XEC%2FcI7DrGiuPcwnrB6wdMXV1GR0NHyGgIX25kXOk%2FUPdTKqFSCOq6dtc1TGw%2FcVgxpZuu5ydFseNgmsSMKZQedcVD08CoycT47sJNnyUAtGDcLlWav%2B6tj7WzpnPkPcmJ6QrSFv9TXm4581fuaaxt%2BD4QpmPBTNPwCXFJiRdosf3os3K%2FWn1LrN4FW4n%2FWSK6fBrtrgBAkuE9Q911wkd91EqjQbSzbwDfkLIyuldBS3f8m8e6nLmzUhNzs2VE%2B%2Bisqs3JAEppg%3D%3D&nvMid=21445097686&catId=50000408
니베아 SOS 케어 바디로션 400ml(건성),"4,950원",https://cr.shopping.naver.com/adcr.nhn?x=cd4LfAjGlwrVwJ08YKg95P%2F%2F%2Fw%3D%3DsQeJPyPcHSTreWw%2Bk10FIDjIkyAIBNqDlTNEhPt6YlC22TJpk65k2gTNwytlggz88TYwHaw0WrOsojiq6PbX%2FfckWtDRfdcX0iMR8h58yXiVBbG12petQrGcjMKFtFJaCIEL5bNRCdtZ0%2BJsqBM%2Fr0cv%2BjB2erv%2BZ%2Brrs5VHOiTQgGE7%2BZatKjf5hEf1XctkKTf7FQjSe8gTQBp4yq9aC%2BRGWCe%2Fb%2FWOy9Tz0Y0PflNrxUFvAkLc72btqJr7n0vx0ycZf%2BOafcWxXEe7kaUpNCXc6f3bQmDQxzNPwHF1axNTBz7%2BORHa%2BX777%2F5U82WuF1e86t1b%2B3J2RJLRw59EVirxESaKrCrxwhqJTPk%2Ftxsn1QQzCLreNp8sjPDBjStix8Z%2B7COlWAUg%2BA7eIs2yHuPSJhzXr%2F6m6%2Ff0rjnIcJogLSv5SYzis5SVdiBAX6a8R7xML3kANlvMFELO9q1Zgplm%2Fett2pgVAUUtzn85Mpn5YzYFNwGxlDwFv2ihGYujlJRsD6nsG%2Bs7m8mo6NR8X0FG6b9r8u7VxtzS1%2F3Lt%2BvkRpOFzCbaM6OU97uoPifjrMqdD2Xq3t6aSaIY2IZYFfQ40cfhvFMpSbF2dIqwsKcPHICEQpPL7Rm%2B2fyhjEhHR&nvMid=8094888666&catId=50000408
해외BBW 배스앤바디웍스 여행용 바디로션,"4,000원",https://cr.shopping.naver.com/adcr.nhn?x=YBb5caOJlu1T%2FCMC5bxnp%2F%2F%2F%2Fw%3D%3DsJUnNm8s3H0KacCCRZCF6bhhfxiUX6Qc3QwJ3L3HrkmW2TJpk65k2gTNwytlggz880sYRKFFcN4Ct9wiTtVg1p8LvdKGrR3w2YZi3krub%2BywrCgwJdOvh%2BmMlXxcd1nUy8AogARcJt8PRTLHyljVlPLzg5LotibZWs96FaOW7%2BneOP0oYFbr1kQPfR4PYNcaQaz4bM59eZ12Bt0rcVn5BZChUfW6QubHZ5M343V9%2F00O54J8UO7LDGXdPU9Do8oyMXmq0wb8nQ9S1CNyVqQgAyFQOJ%2FcuQnF9Yubl%2FreUf8%2FBFiWNtYACQWZWMAbFKyquozm2CEhT%2BQqt4KtW5Xt4wbGlGT8k%2FAYrKvW8DJKbMIp%2FLAflqH5g8%2BbkRfqzAtvc6lWiEpxm5YiAokxm1iDmYifIDGYAVPlqeaOD7rZ3i5Aj%2BF2gitUuN2KpSzu4UfjuH1hXIIBjdzTj4pm6%2B9%2BqPwljj5o%2B2P1gP4ncGdU4HGqQCU4rA9qEITJh30T6VqaO%2BfqvX0PoZNS2h6SeAKS5EilwgoEY%2B%2BNN0fSUDrXROt9aFIn2ZN3jXX%2Bf%2BK6N%2FX1ogqgOvq6z5EpEI5N2xav1Mg%3D%3D&nvMid=82379130802&catId=50000408
더바디샵 화이트 머스크 바디로션 400ml,"27,920원",https://cr.shopping.naver.com/adcr.nhn?x=vcqDsSfnaCoOVLLbNgNeQP%2F%2F%2Fw%3D%3DsCY%2F5lI%2F6j8yr7A24sNCuZU6yE9GV37NygjwzxX50InLubNCDkAAaGaQmidHne1R6UYxZdncCP%2BTZyTWCTyZtgvoEcR2Sv2RjLx9pAenk1tm03RMBOPU4X%2FDA1Ft4h2lbTV%2FvqkSNypYq6ywe0kEbKsi30QtKP1mA7BYZPpxeJLexWvZfe2todmJfmpbNrXnq0b3MsSTlPwy%2B8MIr%2BYYpf3suUc01%2Fkm41kKCSj%2Bk6XqMWX5%2B6vMQvPFQumh7H0E2%2Bw0mr5siPBmRdE5U0jiHaJEp%2FRu%2FwsU0%2BFmRemXLvgI%2Fa18qhDQ1A%2FKJp3fgBDor391W%2FC1w5SVs2sYtTdFSelNlOcnqI4KPM90wuY2WVONqLzcRVswO%2FNXTrA15l4GNozm2CEhT%2BQqt4KtW5Xt4wSOqbeLD9DpIQ%2F2mQ1y%2FgsqcPfwzF9ktWcxdrcTtO8KUu1Rc%2FfYsKdO0g6af7OW6ccFX1QcDKGX%2BXG9f0O6fw7ZCCl5SpDsyMt7sd%2BUG%2FcIaRxA49mpPgAbW7%2B6q%2FsXAgzcxl7SIvrpQmydX00LRKl78CS5s5k2qKH6GFl2K1ydgc%2BdmQQWLD3iaW1JQsekSlpRFIRHJvj1gblAHPNeBKdzZzL2Oj677kc%2FyURZ2vlD4HRyPBWbUFRhWScTsgQynPg%3D%3D&nvMid=22692218205&catId=50000408
더바디샵 화이트 머스크 센티드 바디로션 400ml,"24,960원",https://cr.shopping.naver.com/adcr.nhn?x=7my6I%2BHYc8girJKYuf5XXv%2F%2F%2Fw%3D%3DsWgx9qfZM10Vrk3w66OyFgddB8YDBxCwjX5wyuK4GYdIBqyA1XQLv%2FVI7fPsRrdXMXtKmdNPbsKdKjwu3OZ0cH7p3CSauSnxkqwm3k019wh1wW6AJ6DC%2BLCu2DOXL6DN%2FolhJyWy8XtNxqcH4yj6aRkgAn8lD2%2BxrgblrBqYwPdWug%2B9sjA7rHdeMLkY%2BwIMU6KiSiIHV%2FYxsvTjuZQvAXHDgmVi9JXdDxHg7Cme%2BXZHJv0LptY5KBNH6XHC%2BO%2FyYCQ7b56Bu26riuY8BKq%2B3zSKGV5RICS06siaxLHYFaeCAbCY81f975eS5nfR25FBiP83WAv8GAIoQ0MwLPWeb%2FYycYiu6tly5BFUXieRqY3QhIW%2Fufm4Ai1g%2Bbn5o8FWgADgvzGc0Jh4XEC%2FcI7DrGud31BzXEqTsndtsdGy0bC2gIX25kXOk%2FUPdTKqFSCOq7MNXuF1PuY3n8evYKH9HLvwjRax1OWBD%2BA2I3lB6qpwi98mlzM9lZL1CRxbcNZ4FE%2BO7CTZ8lALRg3C5Vmr%2FurY%2B1s6Zz5D3JiekK0hb%2FU0aKl%2B8%2Bwac%2FXmPlafmn7gJ71tqtWQablf%2F77SlIExh55tF9F9LaPJDqdXEiMaNcWMrnZYlzjW26r5sGJFo0SPMWsl5%2Bg4luaQ7gEP1gxuYzQ1QmAmnoJRdq4K9btjkCM0%3D&nvMid=28154941522&catId=50000408
일리윤 세라마이드 아토 수딩 젤 175ml,"9,300원",https://cr.shopping.naver.com/adcr.nhn?x=G84iXi7kCpGgAXXDNwe2Kv%2F%2F%2Fw%3D%3DstgZBwXFrZ%2FNjSN6ydN7U%2FDJp0jbTiVxMXoBsMRGpZR9XBlVjW8LK3ZqiAkRqD1ihwyx8DJNTGVdPc9NOu249%2Fpq8uFpCGSBEGbF8Y9Pow1N9sQkvN65%2BgRbFZC2OuoMgARyoQGf9icwfUd0LWkbMMkPg%2F6PYJW9LpCSumzPJoiiI9aZyW4hhCgmcrsQhWGWGia9AKw3xFSoCAH5gHloVvswVeWlH2jvSgiI21R0Ky8yQpglPwzpcIbao4Y1sbkgXZJ8G5dRY56D7%2F%2Bh0vdXSw2Yn%2BFxkYZ3XC8gWmATTyptr6kdrp7BvT8OlwZ7P37YyZp%2FuhVWf5tMOyu5R2EADu9AXT9pt3qMLwKfeW69IruE6JIeyjRJJG8AQSjlBThBKL2Cne1549QG3pAVjB5jItBD6k5N8vH9EnuDN45QloLoiNvEAyH7XT6ObGe95mRdUcHlw0I7xiTZ%2FPlJQeWf2rTYxJa7Mz2K5FKWPKOww7Llqon1VKdT15x29YPyWdxge6Pu6ZMxA5Wd2UQQsa35tDf0YzwPn%2FywWPSGd6Dbo1NLvW2q1ZBpuV%2F%2FvtKUgTGHnrpmXKJrxKr7tdwnhb40ESkFP%2BmfKSB55wex9O8O%2Bv7dayXn6DiW5pDuAQ%2FWDG5jNDVCYCaeglF2rgr1u2OQIzQ%3D%3D&nvMid=18503971836&catId=50000408
오프온 향좋은 여름 바디로션 300ml,"19,800원",https://cr.shopping.naver.com/adcr.nhn?x=AR%2FtOR3TfFbmqYiV1MRJ9f%2F%2F%2Fw%3D%3DskoYrfiAL1jGsTWwhNB02eZVv3e3J89q5c3AVn0EIbnhXBlVjW8LK3ZqiAkRqD1ih%2FqfDdjUvDfL8OABYo3MoIpq8uFpCGSBEGbF8Y9Pow1N9sQkvN65%2BgRbFZC2OuoMgARyoQGf9icwfUd0LWkbMMkPg%2F6PYJW9LpCSumzPJoiiI9aZyW4hhCgmcrsQhWGWGxV4lbTHLEuzgb7BuZ1Q5kswVeWlH2jvSgiI21R0Ky8yQpglPwzpcIbao4Y1sbkgXZJ8G5dRY56D7%2F%2Bh0vdXSw2Yn%2BFxkYZ3XC8gWmATTyptr6kdrp7BvT8OlwZ7P37YyZp%2FuhVWf5tMOyu5R2EADu6oXDAfrkgvBWNyZLQ2970U6JIeyjRJJG8AQSjlBThBKlTyQyIMPQeNXRRaVOSdENHVRKSGafdI9X6VqsxfOLvMiNvEAyH7XT6ObGe95mRdU0GfmvfIaK%2BMYBiufez%2B5ADigcppp7zF%2F9tBuirlrGhtwqDCH8fSmHSj83RVDzOUVB1NAcPglRAn5rHLuCj1A9oFDvC61nTMX4dNJqVCuNH0NauEcRynSn%2F8orOK7nc9094w9MtsV5Ne%2FCjGdAbxFKwjMG73XQegRtja57KnmeZdWhZ3SMHTcLlpircdRzUgq1JIslBmdxaTx7xO1%2BPPoWw%3D%3D&nvMid=32675253618&catId=50000408
피부백서 알로에 수딩젤 96 500ml 알로에베라 수딩 보습제 대용량,"8,900원",https://cr.shopping.naver.com/adcr.nhn?x=hoZutcb4TV4g3gphgpcTPf%2F%2F%2Fw%3D%3Dsynd5Pm5D6H8CnPbeiF8ey2wXJ4XN%2BlNtbJCglK2pLwDubNCDkAAaGaQmidHne1R6DnSwjwkGfv40z%2FLOlbpAiPoEcR2Sv2RjLx9pAenk1tm03RMBOPU4X%2FDA1Ft4h2lbTV%2FvqkSNypYq6ywe0kEbKjaSZny%2B1MgSfJG5ocTRQNj1rIvubP2%2F%2BNF2sTRY2hEVT%2F2EP%2BDGclEj5NaYn98A4JcFb5bnMOVF38fW%2BUIy8pvL%2Fowdnq7%2Fmfq67OVRzok0S5SJNLgIdS1XFCtZ5GETGMnKGoyrylbQQKb%2B0GkuR9I6suk7r0Z79jnk5lAihfCxqv7HPoXTREi%2Fx7UYU0fDx42ij1hMgSe9t0Le5eALI1VKI194O3yVGRkTAKu5NZTnnMxGUPYkdbAB0g6b9Df%2BZIxPkuq5MNuP6SX00P49H8Hm6GMrhIn1VXyISKuz%2FX86GS09erwg%2FZWV24zTNzQKGGV9AIkGJruUDs%2BXrMS7%2B7LVOetSYX6MXTnjK361ojlg9E7N3X%2Fl9gOKxlF%2FWuygB7DgkTnRRZqBIbzJeOryyD2%2FtojYlf5kutYfOg0Vbg7JJ9wJpCyVN99orVVimEV3rAqF%2BA9Hk2TuJEyL25jZyqUDfkLIyuldBS3f8m8e6nLmzUhNzs2VE%2B%2Bisqs3JAEppg%3D%3D&nvMid=84184912079&catId=50000408
세타필 모이스처라이징 로션 473ml,"9,910원",https://cr.shopping.naver.com/adcr.nhn?x=4%2BD2K%2FuhoSdWuesDG6dGb%2F%2F%2F%2Fw%3D%3DsMLKEqo0hobV%2BJ0c1ETiVKD777YKUmoUlBC0WHHuVKKHubNCDkAAaGaQmidHne1R6vvbOciw5UkEEHu3Ie3V1E%2Fs8U%2B076h6lIQBkLrZbKe%2BlW6FAl%2BqVB%2BUqG9PPGXYY4be1TB3akHyN4aMWcAikHoZnlrSZr8PDPdBCvs8uWtdeJxHcKH4rYUhc5SxvGs%2FQYxcq56QsOAbug74NAk5qHXsuUc01%2Fkm41kKCSj%2Bk6XqMWX5%2B6vMQvPFQumh7H0E2%2Bw0mr5siPBmRdE5U0jiHaJEp%2FRu%2FwsU0%2BFmRemXLvgI%2Fa18qhDQ1A%2FKJp3fgBDor391W%2FC1w5SVs2sYtTdFSeuQRMz0faAwTAlOAuLt22PoVjQCpIk5kx4sJW2hrRfnKKbyR0LKmbGc9nnnBWIw06sZTydtDsuhXZVHBM1%2BcCOecPfwzF9ktWcxdrcTtO8KUyzaj1XvjH%2FWrYIhjmu%2BxrLAPWjyCnIA1OF7U6aeeVNBTDfICGd9cDz0WIvb2SbCVZo4MZu7%2B%2FKrQPG%2FbbY989RwdyFeCF2sa4UOGiL%2FnBBQNauEcRynSn%2F8orOK7nc90S2gqYsRDcIrfNJnS%2FCa0URDAed2kbwgxIAfUnsOLx25WhZ3SMHTcLlpircdRzUgq1JIslBmdxaTx7xO1%2BPPoWw%3D%3D&nvMid=5734861316&catId=50000408
더마비 프레쉬 모이스처 바디 로션 400ml,"9,330원",https://cr.shopping.naver.com/adcr.nhn?x=iy3Osx8mfBwi7OnKuTosmf%2F%2F%2Fw%3D%3DsftoHhKpPOe%2Bn0AjPMZG6psJgqpb6aAMo5%2FBXIUDr4IW2TJpk65k2gTNwytlggz880QzWkRR4D0ZdAWorZJ%2BMxMkWtDRfdcX0iMR8h58yXiVBbG12petQrGcjMKFtFJaCIEL5bNRCdtZ0%2BJsqBM%2Fr0cv%2BjB2erv%2BZ%2Brrs5VHOiTQgGE7%2BZatKjf5hEf1XctkKmM6EdKdhOni0R7%2BqbbFwMxGWCe%2Fb%2FWOy9Tz0Y0PflNrxUFvAkLc72btqJr7n0vx0ycZf%2BOafcWxXEe7kaUpNCXc6f3bQmDQxzNPwHF1axNTBz7%2BORHa%2BX777%2F5U82WuFFSscRKoh6oE30877zZMY5Yg1IqRwsQ0wQKasW1W9UAj1QQzCLreNp8sjPDBjStixeCUB91h%2F6qQihAZN2TvT8rIxjJReJjHOx81jsNFm3dkLSv5SYzis5SVdiBAX6a8RB2l1D8MPuTQ%2FG%2B%2FLzlKcEtvlp%2Fc9%2BhGKBoIhf%2FbqmuVAv3GLLC7RzijXDn%2BNXEXu6Pu6ZMxA5Wd2UQQsa35tDb0JOraGtHVtAgLscOzBMPBPwCXFJiRdosf3os3K%2FWn1I0IzzBAlINnZaMelcTAwyKZBBEeYeUWbNmMZ8I%2Fug74DfkLIyuldBS3f8m8e6nLmzUhNzs2VE%2B%2Bisqs3JAEppg%3D%3D&nvMid=9881640676&catId=50000408
비욘드 딥 모이스처 바디 에멀전 450ml,"20,350원",https://cr.shopping.naver.com/adcr.nhn?x=e5bzKEQ5SAMHsuBZ2q2WL%2F%2F%2F%2Fw%3D%3DsTwV4G%2Bag6y2xU3fLAIFjlKe5WggiLJ4b05vLh8LWw8jubNCDkAAaGaQmidHne1R68sci78uKWx0c5Ijv%2BpCGPvoEcR2Sv2RjLx9pAenk1tm03RMBOPU4X%2FDA1Ft4h2lbTV%2FvqkSNypYq6ywe0kEbKsi30QtKP1mA7BYZPpxeJLexWvZfe2todmJfmpbNrXnq6X307QoPOtH58rj0IDz2gHsuUc01%2Fkm41kKCSj%2Bk6XqMWX5%2B6vMQvPFQumh7H0E2%2Bw0mr5siPBmRdE5U0jiHaJEp%2FRu%2FwsU0%2BFmRemXLvgI%2Fa18qhDQ1A%2FKJp3fgBDor391W%2FC1w5SVs2sYtTdFSev9AhO%2B0mJJUu6grQlXj%2FM5qLzcRVswO%2FNXTrA15l4GNozm2CEhT%2BQqt4KtW5Xt4wTu1hNZOrD19WrtojJoYc9mcPfwzF9ktWcxdrcTtO8KUiyXk12XGFxvJp%2F%2Br%2FuEHwO2bxFaE68tgcYu5z1PDdS6AktOrWqi%2B7yKpUeCjgyGUXGfKYExq7uG4FGIUYcPNsaUIE66IwbEvLvjLxbKJMkeQX2jIUJCWmMr9zyeqVYftBNoGvQmpzYwojPo22VmU7K1YHUSSaZDymp%2FySscSwt2bHmNJqlJAvDp6YTWCW5U6gqgOvq6z5EpEI5N2xav1Mg%3D%3D&nvMid=24652394522&catId=50000408
일리윤 프레쉬 모이스춰 바디로션 350ml,"9,000원",https://cr.shopping.naver.com/adcr.nhn?x=DmKSKSZzNl8rgH9nlDWUL%2F%2F%2F%2Fw%3D%3DsH2J%2FYNuVsXcmnbA6eyd8pqTnSiRSh0RHJ2HPBPj15fHubNCDkAAaGaQmidHne1R6i2GqYmVAx8MTckuX%2BI84yPoEcR2Sv2RjLx9pAenk1tm03RMBOPU4X%2FDA1Ft4h2lbTV%2FvqkSNypYq6ywe0kEbKsi30QtKP1mA7BYZPpxeJLexWvZfe2todmJfmpbNrXnqzcaipVdmSdaPTKK73znfuHsuUc01%2Fkm41kKCSj%2Bk6XqMWX5%2B6vMQvPFQumh7H0E2%2Bw0mr5siPBmRdE5U0jiHaJEp%2FRu%2FwsU0%2BFmRemXLvgI%2Fa18qhDQ1A%2FKJp3fgBDor391W%2FC1w5SVs2sYtTdFSesySbzucfIr%2BaLbMdyxzplxqLzcRVswO%2FNXTrA15l4GNozm2CEhT%2BQqt4KtW5Xt4wQdLhQpYkUWGuYyqAYDv5XicPfwzF9ktWcxdrcTtO8KU6%2FP7gHKHA%2FfqJKiu466T6wgHP7Z9TTkJSDbvItQPOR5JM6YADR9dndLz6fvFVSTv8jR8gVF8FlQ9pItE8Zzc8hs6aZ4L5utRg%2BghuUUegivisPnQUQLUN5dbfWaH%2BH0s%2Fqy4FAfVXrxVJ0%2FiEW4NWHJUNz6pM3Dr35RVrn%2FLBA1SNVGP2T9YwQDew6x0Q81aDhLBwu%2FFQS5xWYf5w6G3jQ%3D%3D&nvMid=18915332542&catId=50000408
바이오더마 아토덤 PP 밤 500ml,"18,780원",https://cr.shopping.naver.com/adcr.nhn?x=1nJ8brue8opwcUnVNpYN8f%2F%2F%2Fw%3D%3DsVb7gaA3UCevYXebYn13Gp7Hb7Ulro2crCg8uy70KNP%2B2TJpk65k2gTNwytlggz886nGx8BVChTOttOitTOOpJskWtDRfdcX0iMR8h58yXiVBbG12petQrGcjMKFtFJaCIEL5bNRCdtZ0%2BJsqBM%2Fr0cv%2BjB2erv%2BZ%2Brrs5VHOiTQgGE7%2BZatKjf5hEf1XctkKbt71tmP2jSGtfmHvCB4pehGWCe%2Fb%2FWOy9Tz0Y0PflNrxUFvAkLc72btqJr7n0vx0ycZf%2BOafcWxXEe7kaUpNCXc6f3bQmDQxzNPwHF1axNTBz7%2BORHa%2BX777%2F5U82WuF%2Fbo12tF1eLRTpNcs2iUE1i3FNdp1RnXnpOF09QO7YIv1QQzCLreNp8sjPDBjStixor497XE13rwOewxPCCZP2FfrUhj7ghnmVjT9g9nNkJgLSv5SYzis5SVdiBAX6a8RC0EH91%2BLhM9YnpWJM%2B3z%2FxzzH6Da99FmD2fGNNnZmgZ6qpxcyyww0HAT4VS2ui%2BvpwSOsNZktRnPO0GG71NxwIgN%2F1NgM4LgvOAJ6Euy6vnVMR5%2F12Ot3%2BJfZptcelvW2TOoIH6xdQJijEjaXom5FVdznR4EhPC6BI08fc6TT2xWkbDrUFJ2hBG8QaB8WVzn&nvMid=6856831813&catId=50000408
록시땅 버베나 바디 로션 250ml,"28,980원",https://cr.shopping.naver.com/adcr.nhn?x=NogkTyRwaHycId3R6YCGNP%2F%2F%2Fw%3D%3DsD2K6W9VMj4jRukhB25zMXwdHMf94ubMRFWJHUrqIGB7ubNCDkAAaGaQmidHne1R649c3KPPi21do8gUcQZF29Hzwqo46XDR3h7dFyuO3ap6lW6FAl%2BqVB%2BUqG9PPGXYY4be1TB3akHyN4aMWcAikHoZnlrSZr8PDPdBCvs8uWtdeJxHcKH4rYUhc5SxvGs%2FQmg5%2BI4jSPOdU369oAztqCnsuUc01%2Fkm41kKCSj%2Bk6XqMWX5%2B6vMQvPFQumh7H0E2%2Bw0mr5siPBmRdE5U0jiHaJEp%2FRu%2FwsU0%2BFmRemXLvgI%2Fa18qhDQ1A%2FKJp3fgBDor391W%2FC1w5SVs2sYtTdFSepw%2BmLXeRQIV8mCI8bvM8roVjQCpIk5kx4sJW2hrRfnKKbyR0LKmbGc9nnnBWIw06vQu2T5ihetfnzo8QGh0UwecPfwzF9ktWcxdrcTtO8KUijvKEy3qok9dlucRVvprDpYOU7bHU20wsAENcVpi9v6%2BgNyWc2SqKU6bikII26S6hXvuG%2B86ZTk0AMHgx%2FjuIjeANAtfV%2Fb457YFRCiY3GUSzxwVRNV%2FYRemZK5z1sCE4vL9P6s9zbtr5CDpUbwM1VK1MOmq%2FQ5WofMQ8fZ6KWHNjqh%2FZemCCOboDhnweAmG&nvMid=4039874065&catId=50000408
헉슬리 바디 로션 모로칸 가드너 300ml,"22,460원",https://cr.shopping.naver.com/adcr.nhn?x=5KLUUy275QlEd9oyWgdRyP%2F%2F%2Fw%3D%3Dsrm6wv1E6v6KWK%2FJPPDGUPt5%2Bka7dMZHwoNo2mnw25C%2FubNCDkAAaGaQmidHne1R6CBXvZ29MmWoFBCoHVC7wg%2FoEcR2Sv2RjLx9pAenk1tm03RMBOPU4X%2FDA1Ft4h2lbTV%2FvqkSNypYq6ywe0kEbKsi30QtKP1mA7BYZPpxeJLexWvZfe2todmJfmpbNrXnqdW9Wvsd9rACRF6LvVXAJvnsuUc01%2Fkm41kKCSj%2Bk6XqMWX5%2B6vMQvPFQumh7H0E2%2Bw0mr5siPBmRdE5U0jiHaJEp%2FRu%2FwsU0%2BFmRemXLvgI%2Fa18qhDQ1A%2FKJp3fgBDor391W%2FC1w5SVs2sYtTdFSep%2Fg3S1bCvwga5UsQgA5NNtqLzcRVswO%2FNXTrA15l4GNozm2CEhT%2BQqt4KtW5Xt4wVZXlfOLJvMkibGyfPl%2FvWCcPfwzF9ktWcxdrcTtO8KUpxLChgpuIututYx%2BU%2BbcWzrpY2cO7kwAdXOsrhLvxKbgIEVP4NXH4GjTeTdX%2FkkgXGfKYExq7uG4FGIUYcPNsQWKIrC0hA9e4ih9fvVDav2ABZtnBjbkdSZ5TEG7MCfsrgfSbb4Zu420pVoxVdjLtSiYmYd8bbF0LSX5WB1dWpgDq7f7SwI1lDC1wRc0Ah3ygqgOvq6z5EpEI5N2xav1Mg%3D%3D&nvMid=13811687478&catId=50000408
아로마티카 수딩 알로에 베라 젤 500ml,"7,990원",https://cr.shopping.naver.com/adcr.nhn?x=k8a4RUjdhzCY3bjOd%2FKkNP%2F%2F%2Fw%3D%3DsqzOwgo3OmWZE%2F5IsOYWveOgJeJU%2FL9BKZGY7%2Bcyu0f1XBlVjW8LK3ZqiAkRqD1ih1XtheHQjz%2FbWHCXM7vwU2pq8uFpCGSBEGbF8Y9Pow1N9sQkvN65%2BgRbFZC2OuoMgARyoQGf9icwfUd0LWkbMMkPg%2F6PYJW9LpCSumzPJoiiI9aZyW4hhCgmcrsQhWGWG57s3Kj7OBXtVn2QIIxs9a8wVeWlH2jvSgiI21R0Ky8yQpglPwzpcIbao4Y1sbkgXZJ8G5dRY56D7%2F%2Bh0vdXSw2Yn%2BFxkYZ3XC8gWmATTyptr6kdrp7BvT8OlwZ7P37YyZp%2FuhVWf5tMOyu5R2EADu1WlH6bKxWklaiidgA3MCqY6JIeyjRJJG8AQSjlBThBKuZrZVochmGHxJtGfuz1Ahvhg8vHhHwNFolFHieivcuIiNvEAyH7XT6ObGe95mRdUFrKLwsz4iWS8vb5ZYdGag51fxyBUz8xaZooN8hOpBLyvLB%2BVaurmN41b3rvZQ3uD5XpIZ60y3pKNchJjPRa%2B8%2BPpUAWIHOha07gFHknRYfQRpOFzCbaM6OU97uoPifjrLVj7LhHc6l9ydmoyAmCVcNAYm%2FdfSqHVZT2%2F0tc%2FBRDNjqh%2FZemCCOboDhnweAmG&nvMid=25230392526&catId=50000408
해피바스 정말 순한 바디 밀크 450ml,"3,820원",https://cr.shopping.naver.com/adcr.nhn?x=2OC6FuYSR32jP1CIj%2FUfdf%2F%2F%2Fw%3D%3DsMlGjFda8nf%2FPr8eLyYbuAhCbTT0KQo29oW%2BSbhy9FoTubNCDkAAaGaQmidHne1R6uFnIN%2BPZh3PiC9TgWY5I2qv3dVCViwuhnnoiJwEFOXilW6FAl%2BqVB%2BUqG9PPGXYY4be1TB3akHyN4aMWcAikHoZnlrSZr8PDPdBCvs8uWtdeJxHcKH4rYUhc5SxvGs%2FQ8xHY16Xo1RJzkRxMg3gr1XsuUc01%2Fkm41kKCSj%2Bk6XqMWX5%2B6vMQvPFQumh7H0E2%2Bw0mr5siPBmRdE5U0jiHaJEp%2FRu%2FwsU0%2BFmRemXLvgI%2Fa18qhDQ1A%2FKJp3fgBDor391W%2FC1w5SVs2sYtTdFSeuMT1bECe80%2BpnO9Hu2EewIVjQCpIk5kx4sJW2hrRfnKKbyR0LKmbGc9nnnBWIw06q6kwcIecMTVuBNneD3FYK%2BcPfwzF9ktWcxdrcTtO8KUeEceOMQ9Ue0gNVbNxX0v8T7HXsL77tV%2BX9ohs3L%2BcGcVGctX7aOBJFSV5FixnoJaqGmTn8cXeYY4V9WL%2FNuMjTXvtAYsqoUagMWiqA7A1oeIDf9TYDOC4LzgCehLsur5pn8ianPQ8hbaSX6TKfFMlq4IlYGMqQAv93x7zr%2BynbpXc50eBITwugSNPH3Ok09sVpGw61BSdoQRvEGgfFlc5w%3D%3D&nvMid=5496152492&catId=50000408
루시스 샤인 바디로션 500ml,"28,600원",https://cr.shopping.naver.com/adcr.nhn?x=05WmBi3SlQ1FIvrA6wZf0f%2F%2F%2Fw%3D%3DseiiMs9jC3bcziYXUPkxqAIC%2FmU4lhlYnNtYbbvapkHLubNCDkAAaGaQmidHne1R6SmCwEsdXEL069tRUrv4J0voEcR2Sv2RjLx9pAenk1tm03RMBOPU4X%2FDA1Ft4h2lbTV%2FvqkSNypYq6ywe0kEbKsi30QtKP1mA7BYZPpxeJLexWvZfe2todmJfmpbNrXnqr5sHKP9vtRyfw7DVIpkow3suUc01%2Fkm41kKCSj%2Bk6XqMWX5%2B6vMQvPFQumh7H0E2%2Bw0mr5siPBmRdE5U0jiHaJEp%2FRu%2FwsU0%2BFmRemXLvgI%2Fa18qhDQ1A%2FKJp3fgBDor391W%2FC1w5SVs2sYtTdFSeuhAVzngEhi9QRNgAwIC8khqLzcRVswO%2FNXTrA15l4GNozm2CEhT%2BQqt4KtW5Xt4wTxbOoMHVnd%2B69dsNpF1SjGcPfwzF9ktWcxdrcTtO8KUlan93RQUr5rHdKd76vG2INlUMFerCGR1MIkeyUDO1gnyNHyBUXwWVD2ki0TxnNzyARuS00g8clvzZofvFAwFtm3ACmZ2A%2FXW1XScTu%2BNbKC%2FhgaMkJIhbUi8HFdPXAb33jCK2Cab5HhH5XXbj%2F7iT2tYjB3%2FPG4ZpIxV7FEbTDWFbDf4gHI5rSMJU1BWcIOg&nvMid=23716094498&catId=50000408
푸드어홀릭 알로에 수딩젤 300ml,"1,150원",https://cr.shopping.naver.com/adcr.nhn?x=8JSGuwfqjPg9T5f12ENFx%2F%2F%2F%2Fw%3D%3DsAFwnbbKRMzpIMRz6Xc7eJMic3ezpdi%2BRa3Vv27EiixFXBlVjW8LK3ZqiAkRqD1ihI64kA1Mibb3REJVeQEnx0Zq8uFpCGSBEGbF8Y9Pow1N9sQkvN65%2BgRbFZC2OuoMgARyoQGf9icwfUd0LWkbMMkPg%2F6PYJW9LpCSumzPJoiiI9aZyW4hhCgmcrsQhWGWGVRYaoXHGrUWFDMu7%2FPA3hcwVeWlH2jvSgiI21R0Ky8yQpglPwzpcIbao4Y1sbkgXZJ8G5dRY56D7%2F%2Bh0vdXSw2Yn%2BFxkYZ3XC8gWmATTyptr6kdrp7BvT8OlwZ7P37YyZp%2FuhVWf5tMOyu5R2EADuzG7chRfmXrYXXdo778yQ1A6JIeyjRJJG8AQSjlBThBKkM6pHwwAkfoxYb95p%2F3cQG48zEnp5W%2Bn1ik1j2XvtIUiNvEAyH7XT6ObGe95mRdUBXXL9kvpNR1DEaHPXsG91k74ZDpuNXTdPcRPVG3EPadHEDj2ak%2BABtbv7qr%2BxcCDGnD5D7x65ovpef7feDmn%2FNC%2FiBXeX5ANLPdHmB1Xvaw%2BghbVkwL9zaYoG%2BmwgqxgrAccngmpAjAeG0bzUvRF7g2nuFWCV6JJo%2B0D%2BEGZ%2B5NB0CIl3BeKsFF2drF%2B%2BsFv&nvMid=23245112491&catId=50000408
해외[유럽내수용] 피지오겔 AI 바디로션 400ml 2개,"36,900원",https://cr.shopping.naver.com/adcr.nhn?x=AUqcg1VF6mUnrkiiWFsWf%2F%2F%2F%2Fw%3D%3Ds%2FqNfqlUZXQ1boPNaRafNyD%2FMaBdXGT07BfLGVzeQS%2FRXBlVjW8LK3ZqiAkRqD1iho0ilBLCushouKBQ9ogljwpq8uFpCGSBEGbF8Y9Pow1N9sQkvN65%2BgRbFZC2OuoMgARyoQGf9icwfUd0LWkbMMruVw3GdaDAvxDSjC3cnt2Z%2F22ms%2BW8TiQQNz%2FOHMMFFp07a3ckKmaYu1KIlJIM7TTrgOCdYXp7M35XRLNcTVltVXemfpmeX70wC2wQT5nyi5pxiwDZPU40LYzhHX%2FcRv0oUPAbxw6pPeAEkVYlq5MzWOfmD1%2FsMHXOhHROVXNlKADgvzGc0Jh4XEC%2FcI7DrGnWjV2bgGG11b6w6JI7XWDsVlyFDCq%2BZVFE5vJHx3cUBbsRtfd4Su3h3fbCpMK4KnEsDwl5%2FoTYcRdAl3TgXp7njmaMwZjDpfeVoC8kkSVtLmeVVWvbfG51pDUFzVAf0Xl9GCWc%2B5qK%2FclSyX7eQ8Y0HtQvXds5jRxSl380qq4xmtUJA2%2BdOeiEQ2yZSsscn%2Ba7sV065lTRrr74Au8iRlH6adj2htoP8Rt%2FuUdT12ncUW3NydYcU%2BIsMeHYe%2FGSRnwau4fTwOUqyF63FjwpQRls%3D&nvMid=83131632648&catId=50000408
